{
  "root": "viewer/ComputerVisionAssignment_Data/StreamingAssets",
  "trajectory": {
    "path": "viewer/ComputerVisionAssignment_Data/StreamingAssets/traj.txt",
    "pose_count": 3,
    "poses": [
      {
        "index": 1,
        "matrix": [
          [
            0.6235648393630981,
            0.7751529812812805,
            -0.10151219367980957,
            3.969543218612671
          ],
          [
            0.7817086577415466,
            -0.6198837161064148,
            0.06837957352399826,
            -3.210066318511963
          ],
          [
            -0.009921126067638397,
            -0.12199205905199051,
            -0.9924814701080322,
            -1.445417881011963
          ],
          [
            0.0,
            0.0,
            0.0,
            1.0
          ]
        ],
        "rotation_determinant": 0.9999999758120883,
        "rotation_column_norms": [
          0.9999999816102332,
          1.0000000141774499,
          0.9999999800244057
        ],
        "rotation_column_dot_products": {
          "x_dot_y": -2.4821793564999695e-08,
          "x_dot_z": 3.675774795652842e-09,
          "y_dot_z": -5.599709584913626e-09
        },
        "camera_center_if_camera_to_world": [
          3.969543218612671,
          -3.210066318511963,
          -1.445417881011963
        ],
        "camera_center_if_world_to_camera": [
          0.019728880628310463,
          -5.24320060219495,
          -0.8120904575954064
        ],
        "local_axes_in_world_if_camera_to_world": {
          "local_x_axis": [
            0.6235648393630981,
            0.7817086577415466,
            -0.009921126067638397
          ],
          "local_y_axis": [
            0.7751529812812805,
            -0.6198837161064148,
            -0.12199205905199051
          ],
          "local_z_axis": [
            -0.10151219367980957,
            0.06837957352399826,
            -0.9924814701080322
          ]
        }
      },
      {
        "index": 2,
        "matrix": [
          [
            0.9588161706924438,
            0.27831944823265076,
            -0.056655265390872955,
            4.518460273742676
          ],
          [
            0.2839706242084503,
            -0.9433469772338867,
            0.17163081467151642,
            -3.1499533653259277
          ],
          [
            -0.005677374079823494,
            -0.18065084517002106,
            -0.9835308790206909,
            -1.4041345119476318
          ],
          [
            0.0,
            0.0,
            0.0,
            1.0
          ]
        ],
        "rotation_determinant": 0.9999999526905567,
        "rotation_column_norms": [
          0.9999999985855503,
          0.9999999812907404,
          0.9999999728142654
        ],
        "rotation_column_dot_products": {
          "x_dot_y": -1.9960731040269408e-08,
          "x_dot_z": -2.3167074925112274e-09,
          "y_dot_z": 1.2122274961612334e-08
        },
        "camera_center_if_camera_to_world": [
          4.518460273742676,
          -3.1499533653259277,
          -1.4041345119476318
        ],
        "camera_center_if_world_to_camera": [
          -3.4458503505994886,
          -4.482732442172871,
          -0.5843860225639617
        ],
        "local_axes_in_world_if_camera_to_world": {
          "local_x_axis": [
            0.9588161706924438,
            0.2839706242084503,
            -0.005677374079823494
          ],
          "local_y_axis": [
            0.27831944823265076,
            -0.9433469772338867,
            -0.18065084517002106
          ],
          "local_z_axis": [
            -0.056655265390872955,
            0.17163081467151642,
            -0.9835308790206909
          ]
        }
      },
      {
        "index": 3,
        "matrix": [
          [
            0.9216417670249939,
            -0.3793570399284363,
            0.08163736760616302,
            4.70954704284668
          ],
          [
            -0.38743460178375244,
            -0.8878401517868042,
            0.24826258420944214,
            -3.119692802429199
          ],
          [
            -0.021699223667383194,
            -0.26043832302093506,
            -0.9652466177940369,
            -1.3963756561279297
          ],
          [
            0.0,
            0.0,
            0.0,
            1.0
          ]
        ],
        "rotation_determinant": 0.9999999981644666,
        "rotation_column_norms": [
          0.9999999868460274,
          1.0000000094830188,
          1.0000000018354207
        ],
        "rotation_column_dot_products": {
          "x_dot_y": 1.2464921095300951e-08,
          "x_dot_z": -5.461479490875831e-09,
          "y_dot_z": 9.869789430183573e-09
        },
        "camera_center_if_camera_to_world": [
          4.70954704284668,
          -3.119692802429199,
          -1.3963756561279297
        ],
        "camera_center_if_world_to_camera": [
          -5.579492464739353,
          -1.3468584398481198,
          -0.957818905372136
        ],
        "local_axes_in_world_if_camera_to_world": {
          "local_x_axis": [
            0.9216417670249939,
            -0.38743460178375244,
            -0.021699223667383194
          ],
          "local_y_axis": [
            -0.3793570399284363,
            -0.8878401517868042,
            -0.26043832302093506
          ],
          "local_z_axis": [
            0.08163736760616302,
            0.24826258420944214,
            -0.9652466177940369
          ]
        }
      }
    ],
    "camera_center_deltas_assuming_camera_to_world": [
      {
        "from_pose": 1,
        "to_pose": 2,
        "delta": [
          0.5489170551300049,
          0.060112953186035156,
          0.041283369064331055
        ],
        "distance": 0.5537398460600835
      },
      {
        "from_pose": 2,
        "to_pose": 3,
        "delta": [
          0.1910867691040039,
          0.030260562896728516,
          0.0077588558197021484
        ],
        "distance": 0.19362348730736334
      }
    ]
  },
  "ply_files": [
    {
      "path": "viewer/ComputerVisionAssignment_Data/StreamingAssets/Points/image1.ply",
      "header": {
        "format": "ascii 1.0",
        "vertex_count": 2963610,
        "properties": [
          {
            "type": "float",
            "name": "x"
          },
          {
            "type": "float",
            "name": "y"
          },
          {
            "type": "float",
            "name": "z"
          },
          {
            "type": "uchar",
            "name": "red"
          },
          {
            "type": "uchar",
            "name": "green"
          },
          {
            "type": "uchar",
            "name": "blue"
          }
        ],
        "header_line_count": 10
      },
      "invalid_lines": 0,
      "local_stats": {
        "count": 2963610,
        "names": [
          "x",
          "y",
          "z"
        ],
        "min": {
          "x": -1.11866295,
          "y": -1.26287997,
          "z": 1.417467
        },
        "max": {
          "x": 3.52288198,
          "y": 2.08896589,
          "z": 9.821115
        },
        "mean": {
          "x": 0.21041738869619528,
          "y": 0.01888645245987462,
          "z": 2.6242472418338916
        },
        "std": {
          "x": 1.0095412483146933,
          "y": 0.5668818823240127,
          "z": 1.4925743397933349
        },
        "extent": {
          "x": 4.64154493,
          "y": 3.35184586,
          "z": 8.403648
        },
        "positive_count": {
          "x": 1482710,
          "y": 1491976,
          "z": 2963610
        },
        "negative_count": {
          "x": 1480899,
          "y": 1471622,
          "z": 0
        },
        "zero_count": {
          "x": 1,
          "y": 12,
          "z": 0
        }
      },
      "color_stats": {
        "count": 2963610,
        "names": [
          "red",
          "green",
          "blue"
        ],